Name,Archetype,Comp1,Comp2,Comp3,Comp1_dist,Comp2_dist,Comp3_dist
Brandon Miller,6,Kristaps Porziņģis,Karl-Anthony Towns,Kawhi Leonard,4.241380367070474,4.390529546633518,4.417611793367141
Anthony Black,3,Markelle Fultz,OG Anunoby,Victor Oladipo,3.8664172148144034,4.0169692447594185,4.072506733737594
Jarace Walker,1,Aleksej Pokusevski,Evan Mobley,Naz Reid,3.7044530180329622,4.1498623007376905,4.1956516136541815
Taylor Hendricks,1,Myles Turner,Kristaps Porziņģis,Aleksej Pokusevski,3.615629530316319,3.747104224900997,3.858117692582476
Cason Wallace,3,Delon Wright,Markelle Fultz,De'Anthony Melton,3.5432006496728756,3.663083296190686,3.702782438185785
Jett Howard,3,Bogdan Bogdanović,Alec Burks,Jerami Grant,2.8497854568121777,2.9500060741499685,3.0641724832810975
Dereck Lively II,1,Walker Kessler,Nic Claxton,Isaiah Jackson,5.149681640016433,5.371206264324052,5.6903649233956015
Gradey Dick,3,Cameron Johnson,Cameron Johnson,Buddy Hield,2.8411121961925225,2.9278065793890677,2.9733090613982274
Jordan Hawkins,3,Alec Burks,Norman Powell,Cameron Johnson,3.366252672685321,3.4180475307107496,3.421632529237145
Kobe Bufkin,3,Jalen Williams,Mikal Bridges,De'Anthony Melton,3.0535497686840287,3.0614668592390504,3.1237838284909185
Keyonte George,3,Terry Rozier,Kevin Porter Jr.,Tyler Herro,3.230155879139407,3.240741961118508,3.245189812575741
Jalen Hood-Schifino,3,Jaden Ivey,Talen Horton-Tucker,Gordon Hayward,2.031030317965891,2.0705039826888845,2.256854905175998
Jaime Jaquez Jr.,6,Kawhi Leonard,Bam Adebayo,Cameron Johnson,4.040905022360512,4.545754932468807,4.590258401488742
Brandin Podziemski,6,Kawhi Leonard,Paul George,Anthony Edwards,3.755286912034415,4.026013640044849,4.278662836407277
Cam Whitmore,3,Cameron Johnson,Buddy Hield,Kelly Oubre Jr.,3.299930483702792,3.422631264983257,3.4234703396215975
Noah Clowney,1,Naz Reid,Bol Bol,Jalen Johnson,3.756806970330937,3.905049682137422,3.963104677606866
Dariq Whitehead,8,Terence Davis,R.J. Hampton,Josh Richardson,2.508034754629889,2.716844806852619,2.732222094186464
Kris Murray,6,Kristaps Porziņģis,Christian Wood,Aaron Gordon,3.44271393565862,3.824155208278824,3.9976661206570934
Olivier-Maxence Prosper,8,Keita Bates-Diop,Saddiq Bey,Malik Beasley,2.59545017558585,2.610969750574101,2.653235809492895
Marcus Sasser,3,Donovan Mitchell,Kawhi Leonard,Cameron Johnson,4.405672833796957,4.4646225276330975,4.48671969402639
Ben Sheppard,3,Buddy Hield,Devin Vassell,Franz Wagner,2.4436984915808564,2.4662248417072585,2.8402140506120928
Nick Smith Jr.,3,Bones Hyland,Jaylen Nowell,Bones Hyland,2.3059290144038944,2.3544107929092704,2.421985609966304
Brice Sensabaugh,6,Mikal Bridges,Lauri Markkanen,Klay Thompson,3.782163746918078,3.9306178953647635,3.9469312057842565
Julian Strawther,3,Buddy Hield,Tobias Harris,Michael Porter Jr.,2.6591008410281836,2.854814252776906,2.8857316861275826
Kobe Brown,3,Buddy Hield,Kawhi Leonard,Cameron Johnson,3.365750470780874,3.528301082043572,3.818574584942474
Jalen Pickett,6,LeBron James,Josh Giddey,Pascal Siakam,3.6215737369210466,3.8850445014940713,3.9458229816430754
Colby Jones,3,Markelle Fultz,Scottie Barnes,Kyle Anderson,3.3512107877343476,3.358547013107464,3.3787006461519864
Julian Phillips,8,Josh Okogie,Jordan Goodwin,Robert Covington,3.1122152079472847,3.222634688065663,3.318143950895378
Andre Jackson Jr.,3,Kyle Anderson,Draymond Green,Kyle Lowry,3.6566883042343314,3.760590424624706,4.134131253799324
Hunter Tyson,3,Bobby Portis,Nikola Vučević,Buddy Hield,3.6963033844689277,3.8301128685853136,3.9583457841342127
Jordan Walsh,8,Josh Okogie,John Konchar,Josh Richardson,2.621637601192937,2.6408809779508244,2.6834880084576596
Mouhamed Gueye,1,Jusuf Nurkić,Alperen Şengün,Zach Collins,2.7767512957541176,2.973865199791396,3.0387760791910323
Maxwell Lewis,3,Kyle Kuzma,Paolo Banchero,Jaylen Brown,2.2730598426292614,2.3112460415674345,2.9333019098212834
Amari Bailey,3,Jalen Suggs,Victor Oladipo,Caris LeVert,2.8872339177549335,3.0913436922913387,3.184950355807705
GG Jackson,3,Paolo Banchero,Kyle Kuzma,Keldon Johnson,2.8241500742662224,2.989092468804852,3.315916251184527
Seth Lundy,8,Cameron Johnson,Michael Porter Jr.,Cameron Johnson,3.170295397346609,3.2808529875619103,3.3262559784689683
Jordan Miller,3,Buddy Hield,Cameron Johnson,Cameron Johnson,2.7218957497943976,3.0468217777824416,3.066667922608652
Emoni Bates,3,Keldon Johnson,Kyle Kuzma,RJ Barrett,2.0645195159752068,2.379886542696936,2.4860165628739272
Keyontae Johnson,3,Jaylen Brown,Buddy Hield,Kelly Olynyk,3.1371396713054946,3.1840668190998533,3.428403741881544
Jalen Wilson,6,Jaylen Brown,Julius Randle,Paolo Banchero,3.2597327805903804,3.301176539632284,3.4143577601776185
Toumani Camara,1,Jusuf Nurkić,Alperen Şengün,Zach Collins,3.2617127751687556,3.380106790534674,3.7572980782200402
Jaylen Clark,3,Delon Wright,De'Anthony Melton,OG Anunoby,5.1941389358668175,5.516312285055388,5.61456459757813
Jalen Slawson,6,Alperen Şengün,Kristaps Porziņģis,Kyle Anderson,4.085835574208224,4.114706343082294,4.542696980585487
Isaiah Wong,3,Buddy Hield,Devin Vassell,Mikal Bridges,2.540253443555209,2.645821730487299,2.9898246471153955
Trayce Jackson-Davis,6,Anthony Davis,Joel Embiid,Jaren Jackson Jr.,5.861261998545294,6.340276770903191,6.365331622778568
Chris Livingston,8,Chuma Okeke,Dorian Finney-Smith,Pat Connaughton,2.364921915059682,2.378335994307394,2.4173290064829915
Charles Bediako,1,Nic Claxton,Isaiah Jackson,Robert Williams,4.903314297205006,4.972910070108793,5.0505644076229546
Colin Castleton,1,Jaren Jackson Jr.,Myles Turner,Brook Lopez,4.820127171343521,5.551129169574016,5.678436166197227
Ricky Council IV,3,Devin Vassell,Franz Wagner,Buddy Hield,2.6044729653908396,2.842987795088892,2.917261976635624
Adam Flagler,3,Devin Vassell,Jamal Murray,D'Angelo Russell,3.306921227575863,3.369867900246926,3.399941174259918
Mike Miles Jr.,3,Buddy Hield,Franz Wagner,Devin Vassell,3.2456748775207456,3.2556571322466112,3.256929260681909
Omari Moore,6,CJ McCollum,Bradley Beal,Cade Cunningham,2.6840895167624184,2.8784674429174193,3.0002612466640497
Markquis Nowell,6,Tyrese Haliburton,Fred VanVleet,LaMelo Ball,5.102159369252573,5.15542225602289,5.266845929368307
Adama Sanogo,6,Christian Wood,Naz Reid,Nikola Vučević,4.0235638939195,4.221230542268707,4.301328788128987
Terquavion Smith,3,Terry Rozier,Devin Vassell,Dejounte Murray,2.4597347933723652,2.7563074499118114,2.8745689482548853
Drew Timme,6,Zion Williamson,Alperen Şengün,Christian Wood,4.116271408105289,4.317622414571606,4.372212443790199
Oscar Tshiebwe,1,Bam Adebayo,Jakob Poeltl,Jakob Poeltl,4.987895697120257,5.109676587056047,5.306531426998395
Azuolas Tubelis,6,Nikola Vučević,Bam Adebayo,Alperen Şengün,4.020768895905406,4.024779839706482,4.0311998051598845
Scoot Henderson,6,Russell Westbrook,Russell Westbrook,Cade Cunningham,2.913205586646666,2.9445547282665774,3.131595600051645
Mojave King,8,Pat Connaughton,Santi Aldama,Obi Toppin,3.367503308790979,3.4232628028295333,3.4324579294078013
Victor Wembanyama,6,Myles Turner,Anthony Davis,Jaren Jackson Jr.,5.105191636245,5.176152612171685,5.3909850216317015
Amen Thompson,6,Anthony Edwards,Paul George,Dejounte Murray,3.849953592383538,4.1948646729511925,4.27022253366203
Ausar Thompson,6,Anthony Edwards,OG Anunoby,Paul George,3.990421080462148,4.55469217091911,4.571353525179502
Bilal Coulibaly,3,Buddy Hield,De'Anthony Melton,Jalen Williams,3.1796856603197536,3.2492381167692574,3.3047739120762514
James Nnaji,1,Goga Bitadze,Jalen Johnson,Chimezie Metu,4.181688209146165,4.188385464786762,4.298154584318471
Tristan Vukčević,8,Frank Kaminsky,Dario Šarić,Nickeil Alexander-Walker,3.3434792007425007,3.485700515157298,3.5115494167057664
Rayan Rupert,8,Josh Okogie,Jordan Goodwin,Terence Davis,3.2818629083613238,3.3317064411635395,3.3682479478629728
Tarik Biberovic,8,Frank Kaminsky,Obi Toppin,Lindy Waters III,3.2963402573084633,3.3884384058529884,3.4318095237906308
Malcolm Cazalon,3,Buddy Hield,De'Anthony Melton,Cameron Johnson,3.3413665895953453,3.3782636771493832,3.450007435092456
Nadir Hifi,3,Buddy Hield,Devin Vassell,Franz Wagner,3.1122137652575494,3.3192886460760778,3.349349101616684
