name,team,classification
Victor Wembanyama,Metropolitans 92,International
Brandon Miller,Alabama,College
Scoot Henderson,G League,G League
Amen Thompson,Overtime Elite,Overtime Elite
Ausar Thompson,Overtime Elite,Overtime Elite
Anthony Black,Arkansas,College
Bilal Coulibaly,Metropolitans 92,International
Jarace Walker,Houston,College
Taylor Hendricks,UCF,College
Cason Wallace,Kentucky,College
Jett Howard,Michigan,College
Dereck Lively II,Duke,College
Gradey Dick,Kansas,College
Jordan Hawkins,UConn,College
Kobe Bufkin,Michigan,College
Keyonte George,Baylor,College
Jalen Hood-Schifino,Indiana,College
Jaime Jaquez Jr.,UCLA,College
Brandin Podziemski,Santa Clara,College
Cam Whitmore,Villanova,College
Noah Clowney,Alabama,College
Dariq Whitehead,Duke,College
Kris Murray,Iowa,College
Olivier-Maxen. Prosper,Marquette,College
Marcus Sasser,Houston,College
Ben Sheppard,Belmont,College
Nick Smith Jr.,Arkansas,College
Brice Sensabaugh,Ohio State,College
Julian Strawther,Gonzaga,College
Kobe Brown,Missouri,College
James Nnaji,Barcelona,International
Jalen Pickett,Penn State,College
Leonard Miller,G League,G League
Colby Jones,Xavier,College
Julian Phillips,Tennessee,College
Andre Jackson Jr.,UConn,College
Hunter Tyson,Clemson,College
Jordan Walsh,Arkansas,College
Mouhamed Gueye,Washington State,College
Maxwell Lewis,Pepperdine,College
Amari Bailey,UCLA,College
Tristan Vukčević,Real Madrid B,International
Rayan Rupert,NZ Breakers,International
Sidy Cissoko,G League,G League
GG Jackson,South Carolina,College
Seth Lundy,Penn State,College
Mojave King,G League,G League
Jordan Miller,Miami,College
Emoni Bates,Eastern Michigan,College
Keyontae Johnson,Kansas State,College
Jalen Wilson,Kansas,College
Toumani Camara,Dayton,College
Jaylen Clark,UCLA,College
Jalen Slawson,Furman,College
Isaiah Wong,Miami,College
Tarik Biberovic,Fenerbahce Beko,International
Trayce Jackson-Davis,Indiana,College
Chris Livingston,Kentucky,College
Charles Bediako,Alabama,College
Colin Castleton,Florida,College
Malcolm Cazalon,Leuven,International
Ricky Council IV,Arkansas,College
Adam Flagler,Baylor,College
Nadir Hifi,Paris Basketball,International
Mike Miles Jr.,TCU,College
Omari Moore,San Jose State,College
Markquis Nowell,Kansas State,College
Adama Sanogo,UConn,College
Terquavion Smith,NC State,College
Drew Timme,Gonzaga,College
Oscar Tshiebwe,Kentucky,College
Azuolas Tubelis,Arizona,College
